{"cameraMode":{"drawMode":0,"name":"Shaded","section":"Shading Mode"},"sceneLighting":true,"audioPlay":true,"sceneViewState":{"m_AlwaysRefresh":true,"showFog":true,"showSkybox":true,"showFlares":true,"showImageEffects":true,"showParticleSystems":true,"showVisualEffectGraphs":true,"m_FxEnabled":true},"in2DMode":false,"pivot":{"x":-369.40399169921877,"y":74.12535858154297,"z":89.70797729492188},"rotation":{"x":-0.015059854835271836,"y":-0.9828358888626099,"z":0.09346263855695725,"w":-0.15850459039211274},"size":54.49717330932617,"orthographic":true}