{"cameraMode":{"drawMode":0,"name":"Shaded","section":"Shading Mode"},"sceneLighting":false,"audioPlay":false,"sceneViewState":{"m_AlwaysRefresh":false,"showFog":true,"showSkybox":false,"showFlares":true,"showImageEffects":true,"showParticleSystems":true,"showVisualEffectGraphs":true,"m_FxEnabled":true},"in2DMode":false,"pivot":{"x":-18.684467315673829,"y":-0.5370389819145203,"z":27.049976348876954},"rotation":{"x":-0.028416626155376436,"y":0.9523044228553772,"z":-0.09187000244855881,"w":-0.2899552583694458},"size":2.165860891342163,"orthographic":false}