{"cameraMode":{"drawMode":0,"name":"Shaded","section":"Shading Mode"},"sceneLighting":true,"audioPlay":false,"sceneViewState":{"m_AlwaysRefresh":false,"showFog":true,"showSkybox":true,"showFlares":true,"showImageEffects":true,"showParticleSystems":true,"showVisualEffectGraphs":true,"m_FxEnabled":true},"in2DMode":false,"pivot":{"x":228.13031005859376,"y":306.8185119628906,"z":1892.8192138671875},"rotation":{"x":0.02452525682747364,"y":0.9538053870201111,"z":-0.28738003969192507,"w":0.08839280903339386},"size":8.985332489013672,"orthographic":false}