{"cameraMode":{"drawMode":0,"name":"Shaded","section":"Shading Mode"},"sceneLighting":false,"audioPlay":false,"sceneViewState":{"m_AlwaysRefresh":false,"showFog":true,"showSkybox":false,"showFlares":true,"showImageEffects":true,"showParticleSystems":true,"showVisualEffectGraphs":true,"m_FxEnabled":true},"in2DMode":false,"pivot":{"x":41.046852111816409,"y":10.568370819091797,"z":110.74262237548828},"rotation":{"x":-0.009943868033587933,"y":-0.9810152053833008,"z":0.1864428073167801,"w":-0.05299469456076622},"size":0.8660253882408142,"orthographic":false}